Alexandr Holbie,863 253 8605,aholbie0@tripadvisor.com,A+
Steffen Benny,159 409 7186,sbenny1@statcounter.com,A+
Mischa Ivatt,990 714 6716,mivatt2@google.com.au,A+
Brigg Vaughten,965 565 2105,bvaughten3@narod.ru,O-
Kinna Artin,653 734 2835,kartin4@shop-pro.jp,A+
Bayard O'Heaney,310 393 3658,boheaney5@aol.com,A+
Bren Reeder,435 339 8428,breeder6@washington.edu,O
Byrle Ashbe,116 643 9138,bashbe7@creativecommons.org,O-
Doralyn Pogue,522 600 8604,dpogue8@discovery.com,A+
Griswold Gelletly,421 867 9857,ggelletly9@apple.com,O-
Megen Muddle,418 368 1954,mmuddlea@woothemes.com,O-
Pauli O'Fallowne,612 395 2772,pofallowneb@biblegateway.com,O-
Dalila Roft,815 611 6449,droftc@nationalgeographic.com,A-
Oralla Fitzjohn,551 786 6141,ofitzjohnd@springer.com,O-
Zea Purbrick,297 584 4086,zpurbricke@list-manage.com,B+
Marybelle Brawson,490 498 1833,mbrawsonf@google.co.uk,B+
Judas Brunet,787 406 2708,jbrunetg@biblegateway.com,A-
Florencia Lambertini,123 617 5168,flambertinih@tumblr.com,AB+
Julienne Book,407 941 6591,jbooki@geocities.jp,O
Leonidas Haddinton,140 597 8066,lhaddintonj@google.it,O
Susette Dmych,639 548 5815,sdmychk@gnu.org,AB-
Baxy Huband,173 128 7678,bhubandl@narod.ru,B-
Ringo Lucian,709 636 5272,rlucianm@hatena.ne.jp,O-
Kristel Bolens,585 138 6126,kbolensn@theglobeandmail.com,A+
Siusan Peto,282 269 6106,spetoo@yandex.ru,B-
Stearn Barrington,192 968 0928,sbarringtonp@europa.eu,A-
Olly Steffens,452 906 6143,osteffensq@sohu.com,A-
Thedric Rosbottom,903 442 8743,trosbottomr@comcast.net,B+
Hunfredo Gilbeart,726 955 3900,hgilbearts@amazon.de,AB+
Ian Lehrmann,319 605 3106,ilehrmannt@hao123.com,AB-
Alexandro Pullar,610 145 5621,apullaru@canalblog.com,AB-
Constantin Spatoni,153 693 6515,cspatoniv@issuu.com,O
Hermann Blay,851 390 5258,hblayw@cbslocal.com,AB-
Norine Wescott,788 478 0437,nwescottx@nsw.gov.au,O
Gratiana Stadding,912 664 5005,gstaddingy@jalbum.net,A+
Kalie Inkin,604 756 9013,kinkinz@economist.com,O
Celia Karpol,197 138 9447,ckarpol10@house.gov,A+
Gauthier Staner,532 268 7173,gstaner11@infoseek.co.jp,AB-
Alphonse Cursons,512 193 3009,acursons12@chron.com,B+
Spence Dashkov,171 191 4595,sdashkov13@cyberchimps.com,O-
Nico Cumbridge,487 466 9169,ncumbridge14@msn.com,A+
Kimmy Cuddehay,965 852 4603,kcuddehay15@phoca.cz,A+
Bert Gent,920 536 0519,bgent16@meetup.com,AB-
Mendie Funnell,630 783 0336,mfunnell17@amazon.co.jp,B+
Joly Trude,172 676 3757,jtrude18@theguardian.com,AB+
Adolpho Boutcher,520 772 5381,aboutcher19@slate.com,A-
Arvie Kocher,913 641 4283,akocher1a@salon.com,O-
Janetta O'Neill,563 971 8126,joneill1b@gizmodo.com,O-
Brianne Ciccotto,877 842 8885,bciccotto1c@macromedia.com,AB-
Rosamund Amsberger,877 918 0918,ramsberger1d@plala.or.jp,B+
